question_id,model,understanding_text,plan_text,code_text,judge_correctness,judge_test_cases,total_test_cases,failures
2024f1p2_ogro,openai/gpt-oss-120b,N/A (Zero-shot),N/A (Zero-shot),"import sys

def solve():
    data = sys.stdin.read().strip().split()
    if len(data) < 2:
        return
    E = int(data[0])
    D = int(data[1])
    if E > D:
        result = E + D
    else:
        result = 2 * (D - E)
    print(result)

if __name__ == ""__main__"":
    solve()",True,20,20,[]
2024f1p2_relogio,openai/gpt-oss-120b,N/A (Zero-shot),N/A (Zero-shot),"import sys

def solve():
    data = sys.stdin.read().strip().split()
    if len(data) < 4:
        return
    H, M, S, T = map(int, data[:4])
    total = (H * 3600 + M * 60 + S + T) % (24 * 3600)
    new_H = total // 3600
    total %= 3600
    new_M = total // 60
    new_S = total % 60
    sys.stdout.write(f""{new_H}\n{new_M}\n{new_S}"")

if __name__ == ""__main__"":
    solve()",True,52,52,[]
2024f1p2_jogo,openai/gpt-oss-120b,N/A (Zero-shot),N/A (Zero-shot),"import sys

def solve():
    data = sys.stdin.read().splitlines()
    if not data:
        return
    N_Q = data[0].split()
    N = int(N_Q[0])
    Q = int(N_Q[1])
    grid = [list(map(int, list(line.strip()))) for line in data[1:1+N]]

    dirs = [(-1, -1), (-1, 0), (-1, 1),
            (0, -1),          (0, 1),
            (1, -1),  (1, 0), (1, 1)]

    for _ in range(Q):
        new_grid = [[0]*N for _ in range(N)]
        for i in range(N):
            for j in range(N):
                cnt = 0
                for di, dj in dirs:
                    ni, nj = i + di, j + dj
                    if 0 <= ni < N and 0 <= nj < N:
                        cnt += grid[ni][nj]
                if grid[i][j] == 1:
                    new_grid[i][j] = 1 if cnt == 2 or cnt == 3 else 0
                else:
                    new_grid[i][j] = 1 if cnt == 3 else 0
        grid = new_grid

    out = '\n'.join(''.join(str(cell) for cell in row) for row in grid)
    sys.stdout.write(out)

if __name__ == ""__main__"":
    solve()",True,19,19,[]
2024f2p2_cubo,openai/gpt-oss-120b,N/A (Zero-shot),N/A (Zero-shot),"import sys

def solve():
    data = sys.stdin.read().strip().split()
    if not data:
        return
    N = int(data[0])
    if N < 2:
        # Not expected per constraints, but handle gracefully
        zero = one = two = three = 0
    else:
        inner = N - 2
        zero = inner ** 3
        one = 6 * inner * inner
        two = 12 * inner
        three = 8
    out = ""\n"".join(map(str, (zero, one, two, three)))
    sys.stdout.write(out)

if __name__ == ""__main__"":
    solve()",True,11,11,[]
2024f2p2_alfabeto,openai/gpt-oss-120b,N/A (Zero-shot),N/A (Zero-shot),"import sys

def main():
    data = sys.stdin.read().splitlines()
    if not data:
        return
    k_n = data[0].strip().split()
    if len(k_n) < 2:
        return
    K, N = map(int, k_n)
    alphabet = set(data[1].rstrip('\n')) if len(data) > 1 else set()
    message = data[2].rstrip('\n') if len(data) > 2 else ''
    result = 'S' if all(ch in alphabet for ch in message) else 'N'
    sys.stdout.write(result)

if __name__ == ""__main__"":
    main()",True,61,61,[]
2024f2p2_concatena,openai/gpt-oss-120b,N/A (Zero-shot),N/A (Zero-shot),"import sys

def solve() -> None:
    data = list(map(int, sys.stdin.buffer.read().split()))
    if not data:
        return
    it = iter(data)
    N = next(it)
    Q = next(it)
    digits = [0] * (N + 1)
    for i in range(1, N + 1):
        digits[i] = next(it)
    pref = [0] * (N + 1)
    for i in range(1, N + 1):
        pref[i] = pref[i - 1] + digits[i]
    out_lines = []
    for _ in range(Q):
        L = next(it)
        R = next(it)
        length_minus_one = R - L
        total = pref[R] - pref[L - 1]
        out_lines.append(str(11 * length_minus_one * total))
    sys.stdout.write(""\n"".join(out_lines))

if __name__ == ""__main__"":
    solve()",True,25,25,[]
2024f2p2_poder,openai/gpt-oss-120b,N/A (Zero-shot),N/A (Zero-shot),"import sys, heapq

def solve():
    data = sys.stdin.read().strip().split()
    if not data:
        return
    it = iter(data)
    N = int(next(it))
    M = int(next(it))
    total = N * M
    P = [0] * total
    for i in range(total):
        P[i] = int(next(it))
    # adjacency offsets
    dirs = [(-1, 0), (1, 0), (0, -1), (0, 1)]
    # map 2D to 1D
    def idx(r, c):
        return r * M + c

    results = [0] * total
    for r in range(N):
        for c in range(M):
            start = idx(r, c)
            power = P[start]
            visited = [False] * total
            visited[start] = True
            heap = []
            # push neighbors
            for dr, dc in dirs:
                nr, nc = r + dr, c + dc
                if 0 <= nr < N and 0 <= nc < M:
                    nid = idx(nr, nc)
                    heapq.heappush(heap, (P[nid], nr, nc, nid))
            while heap and heap[0][0] <= power:
                w, nr, nc, nid = heapq.heappop(heap)
                if visited[nid]:
                    continue
                visited[nid] = True
                power += w
                for dr, dc in dirs:
                    tr, tc = nr + dr, nc + dc
                    if 0 <= tr < N and 0 <= tc < M:
                        tid = idx(tr, tc)
                        if not visited[tid]:
                            heapq.heappush(heap, (P[tid], tr, tc, tid))
            results[start] = power

    out_lines = []
    for r in range(N):
        line = ' '.join(str(results[idx(r, c)]) for c in range(M))
        out_lines.append(line)
    sys.stdout.write('\n'.join(out_lines))

if __name__ == ""__main__"":
    solve()",False,72,150,"[""0000000000 900000000000 900000000000 900000000000' got: '' retcode: 124 stderr: Execution timed out."", ""30 9309386 9309386 9309386 30 9309386 960 960 960' got: '' retcode: 124 stderr: Execution timed out."", ""5318 62016531 445764073991 596761510 445764073991' got: '' retcode: 124 stderr: Execution timed out."", ""0 30 30 30 30 30 30 30 30 30 30 30 30 30 30 30 30' got: '' retcode: 124 stderr: Execution timed out."", ""5500 85885500 85885500 85885500 85885500 85885500' got: '' retcode: 124 stderr: Execution timed out."", ""91950 30 1101660 930 930 1101660 930 930 33300 30' got: '' retcode: 124 stderr: Execution timed out."", ""1452 30591452 30591452 30591452 30591452 30591452' got: '' retcode: 124 stderr: Execution timed out."", ""0 1733520 1733520 1733520 1733520 1733520 1733520' got: '' retcode: 124 stderr: Execution timed out."", ""112725300 112725300 112725300 112725300 112725300' got: '' retcode: 124 stderr: Execution timed out."", ""8766 28388766 28388766 28388766 28388766 28388766' got: '' retcode: 124 stderr: Execution timed out."", ""6470 87586470 87586470 87586470 87586470 87586470' got: '' retcode: 124 stderr: Execution timed out."", ""0866 18218001920866 18218001920866 18218001920866' got: '' retcode: 124 stderr: Execution timed out."", ""10 4289296 2 2 4289296 8 8 8 8 8 24 2 2 81 5 26 5' got: '' retcode: 124 stderr: Execution timed out."", ""3 273 273 273 273 273 273 273 273 273 273 273 273' got: '' retcode: 124 stderr: Execution timed out."", ""155316277 51007155316277 51007155316277 641613380' got: '' retcode: 124 stderr: Execution timed out."", ""0437056 2206760437056 2206760437056 2206760437056' got: '' retcode: 124 stderr: Execution timed out."", ""3 513 513 513 513 513 513 513 513 513 513 513 513' got: '' retcode: 124 stderr: Execution timed out."", ""0 85800 85800 85800 85800 85800 85800 85800 85800' got: '' retcode: 124 stderr: Execution timed out."", "" 234 1366274 33917 45 881579599 156 79677 1833 39' got: '' retcode: 124 stderr: Execution timed out."", ""2475773 3906962475773 3906962475773 3906962475773' got: '' retcode: 124 stderr: Execution timed out."", ""3 19 921 18 18 637193 26 986 26 2 986 20 20 20 20' got: '' retcode: 124 stderr: Execution timed out."", "" 17151508\\n25000 25002440188846 17151508 17151508' got: '' retcode: 124 stderr: Execution timed out."", ""35347662500 34435347662500 34435347662500 2775000' got: '' retcode: 124 stderr: Execution timed out."", ""0 2418750 2418750 2418750 2418750 2418750 2418750' got: '' retcode: 124 stderr: Execution timed out."", ""7238 83925213693436 83925213693436 83925213693436' got: '' retcode: 124 stderr: Execution timed out."", "" 102857 102857 102857 102857 102857 102857 102857' got: '' retcode: 124 stderr: Execution timed out."", ""9\\n94998429057199\\n94998429057199\\n94998429057199' got: '' retcode: 124 stderr: Execution timed out."", ""9688 34609688 34609688 34609688 34609688 34609688' got: '' retcode: 124 stderr: Execution timed out."", ""6772645 1256996772645 1256996772645 1256996772645' got: '' retcode: 124 stderr: Execution timed out."", ""50610 1550610 8 8 1550610 1550610 1550610 1550610' got: '' retcode: 124 stderr: Execution timed out."", ""325000 62500\\n3124 25005751476610 781325000 62500' got: '' retcode: 124 stderr: Execution timed out."", "" 12 12 12 12 178615369 8 8 8 8 4461 8 398 398 398' got: '' retcode: 124 stderr: Execution timed out."", ""26594661496 88 102168 102168 102168 102168 102168' got: '' retcode: 124 stderr: Execution timed out."", ""8 29388 29388 29388 29388 29388 29388 29388 29388' got: '' retcode: 124 stderr: Execution timed out."", "" 418756 418756 418756 418756 418756 418756 418756' got: '' retcode: 124 stderr: Execution timed out."", ""7503\\n187503 187503\\n187503 187503\\n187503 187503' got: '' retcode: 124 stderr: Execution timed out."", ""7228 13343799837228 13343799837228 13343799837228' got: '' retcode: 124 stderr: Execution timed out."", ""884488138 84027884488138 725180479 84027884488138' got: '' retcode: 124 stderr: Execution timed out."", ""0300 27180300 27180300 27180300 27180300 27180300' got: '' retcode: 124 stderr: Execution timed out."", ""4753768 3615974753768 3615974753768 3615974753768' got: '' retcode: 124 stderr: Execution timed out."", ""000 100050000 10000 7002700250000 100040000 10000' got: '' retcode: 124 stderr: Execution timed out."", ""765766317 49905834152941 49905834152941 183558185' got: '' retcode: 124 stderr: Execution timed out."", ""42191 1680042191 1680042191 1680042191 1680042191' got: '' retcode: 124 stderr: Execution timed out."", ""0 250 250 250 250 250 250 250 250 250 250 250 250' got: '' retcode: 124 stderr: Execution timed out."", ""74173220942 69 6174173220942 69 45678 45678 45678' got: '' retcode: 124 stderr: Execution timed out."", "" 100000000000000\\n100000000000000 100000000000000' got: '' retcode: 124 stderr: Execution timed out."", ""1200 14306496811200 14306496811200 14306496811200' got: '' retcode: 124 stderr: Execution timed out."", ""18457908080 12018457908080 5882 43403278 43403278' got: '' retcode: 124 stderr: Execution timed out."", ""4 1545 90 9067391356069 1485 90 55275 15 1965 105' got: '' retcode: 124 stderr: Execution timed out."", ""45631430122 600 101500 400 19443000 300 91000 600' got: '' retcode: 124 stderr: Execution timed out."", ""80959 43633021180959 504252 43633021180959 849114' got: '' retcode: 124 stderr: Execution timed out."", ""643643000 643643000 643643000 643643000 643643000' got: '' retcode: 124 stderr: Execution timed out."", ""650\\n45821974339650 45821974339650 45821974339650' got: '' retcode: 124 stderr: Execution timed out."", ""0 4497936 310 310 4497936 4497936 4497936 4497936' got: '' retcode: 124 stderr: Execution timed out."", ""1 426 18 1 18 95 1 28 28 28 28 1 61940 1 5 5 5 19' got: '' retcode: 124 stderr: Execution timed out."", ""547992 20 1547992 15 1547992 2 1547992 1001547992' got: '' retcode: 124 stderr: Execution timed out."", ""38 40273 439 40273 40273 319 40273 1077 369 1 153' got: '' retcode: 124 stderr: Execution timed out."", ""882064 4972 4972 60 60 4972 62 392 4972 4972 4972' got: '' retcode: 124 stderr: Execution timed out."", ""54227 2 1554227 1554227 1554227 4 1554227 1554227' got: '' retcode: 124 stderr: Execution timed out."", ""2968 1118 204883 10325 4337 72985 8029 23796 2334' got: '' retcode: 124 stderr: Execution timed out."", ""0 6245000 6245000 6245000 6245000 6245000 6245000' got: '' retcode: 124 stderr: Execution timed out."", ""5317 160659856 488023785 49990308550860 497888579' got: '' retcode: 124 stderr: Execution timed out."", ""1453 23519 746 4672 4672 246772 5127 757 5127 411' got: '' retcode: 124 stderr: Execution timed out."", ""748600383 84007748600383 84007748600383 716050375' got: '' retcode: 124 stderr: Execution timed out."", ""014 86014 86014 86014 1274 1274 86014 208 208 208' got: '' retcode: 124 stderr: Execution timed out."", ""7148937 7107148937 784 784 784 7107148937 570 570' got: '' retcode: 124 stderr: Execution timed out."", "" 4660 4660 577448 813 577448 577448 8181 1501 295' got: '' retcode: 124 stderr: Execution timed out."", ""1515 144793046 144793046 1121 144793046 144793046' got: '' retcode: 124 stderr: Execution timed out."", ""6386675 33346386675 33346386675 2624 486 486 2624' got: '' retcode: 124 stderr: Execution timed out."", "" 966545 3 966545 966545 3 966545 966545 966545 12' got: '' retcode: 124 stderr: Execution timed out."", ""54975 353191940 49963385254975 234456972 13614395' got: '' retcode: 124 stderr: Execution timed out."", "" 720 6376 2443 1197 576 282053 11 106 1559707 295' got: '' retcode: 124 stderr: Execution timed out."", ""2 11 1546482 1546482 1546482 10 4 1546482 1546482' got: '' retcode: 124 stderr: Execution timed out."", "" 7132867296 7132867296 7132867296 776 178 178 776' got: '' retcode: 124 stderr: Execution timed out."", ""5940 105433 732 732 7904 7904 7904 7904 7904 7904' got: '' retcode: 124 stderr: Execution timed out."", ""0 100000000000000 100000000000000 100000000000000' got: '' retcode: 124 stderr: Execution timed out."", ""569 2569 22211 422 422 2765 969 8472 1023 506 506' got: '' retcode: 124 stderr: Execution timed out."", ""19095 152 7819095 135 7819095 116 7819095 7819095' got: '' retcode: 124 stderr: Execution timed out.""]"
2024f3p2_brigadeiros,openai/gpt-oss-120b,N/A (Zero-shot),N/A (Zero-shot),"import sys

def solve() -> None:
    data = sys.stdin.read().strip().split()
    if not data:
        return
    it = iter(data)
    N = int(next(it))
    K = int(next(it))
    T = int(next(it))
    P = [int(next(it)) for _ in range(N)]
    G = [int(next(it)) for _ in range(N)]

    # positions of group members (1-indexed)
    A = [i + 1 for i, g in enumerate(G) if g == 1]
    A.sort()

    max_possible_cost = K * (N - 1)
    if T >= max_possible_cost:
        # unlimited swaps: take K largest plates
        ans = sum(sorted(P, reverse=True)[:K])
        print(ans)
        return

    max_sum = 9 * K
    INF = 10 ** 9
    dp = [[INF] * (max_sum + 1) for _ in range(K + 1)]
    dp[0][0] = 0

    for idx in range(1, N + 1):
        pi = P[idx - 1]
        limit_j = min(idx, K)
        for j in range(limit_j, 0, -1):
            cost_move = abs(A[j - 1] - idx)
            prev = dp[j - 1]
            cur = dp[j]
            max_s_prev = 9 * (j - 1)
            # iterate over reachable sums for j-1 tokens
            for s in range(max_s_prev, -1, -1):
                c = prev[s]
                if c != INF:
                    ns = s + pi
                    nc = c + cost_move
                    if nc < cur[ns]:
                        cur[ns] = nc

    best = 0
    for s in range(max_sum, -1, -1):
        if dp[K][s] <= T:
            best = s
            break
    print(best)

if __name__ == ""__main__"":
    solve()",False,61,67,"[""Case 18: expected: '1157' got: '' retcode: 124 stderr: Execution timed out."", ""Case 20: expected: '1354' got: '' retcode: 124 stderr: Execution timed out."", ""Case 21: expected: '1505' got: '' retcode: 124 stderr: Execution timed out."", ""Case 23: expected: '1611' got: '' retcode: 124 stderr: Execution timed out."", ""Case 29: expected: '2228' got: '' retcode: 124 stderr: Execution timed out."", ""Case 32: expected: '2007' got: '' retcode: 124 stderr: Execution timed out.""]"
2024f3p2_construtora,openai/gpt-oss-120b,N/A (Zero-shot),N/A (Zero-shot),"import sys

def solve():
    data = sys.stdin.read().strip().split()
    if not data:
        return
    it = iter(data)
    n = int(next(it))
    a = [int(next(it)) for _ in range(n)]
    max_h = max(a)
    min_h = min(a)
    ans = 0
    for h in range(min_h, max_h):
        i = 0
        groups = 0
        while i < n:
            if a[i] <= h:
                groups += 1
                while i < n and a[i] <= h:
                    i += 1
            else:
                i += 1
        ans += groups
    print(ans)

if __name__ == ""__main__"":
    solve()",True,38,38,[]
2024f3p2_retas,openai/gpt-oss-120b,N/A (Zero-shot),N/A (Zero-shot),"import sys

def solve() -> None:
    data = sys.stdin.read().strip().split()
    if not data:
        return
    it = iter(data)
    N = int(next(it))
    X1 = int(next(it))
    X2 = int(next(it))
    lines = []
    y2_vals = []
    for _ in range(N):
        A = int(next(it))
        B = int(next(it))
        y1 = A * X1 + B
        y2 = A * X2 + B
        lines.append((y1, y2))
        y2_vals.append(y2)

    # coordinate compression for y2
    uniq = sorted(set(y2_vals))
    comp = {v: i + 1 for i, v in enumerate(uniq)}
    M = len(uniq)

    class BIT:
        __slots__ = (""n"", ""bit"")
        def __init__(self, n):
            self.n = n
            self.bit = [0] * (n + 1)
        def add(self, i, delta):
            while i <= self.n:
                self.bit[i] += delta
                i += i & -i
        def prefix(self, i):
            s = 0
            while i:
                s += self.bit[i]
                i -= i & -i
            return s

    bit = BIT(M)
    lines.sort(key=lambda x: x[0])  # sort by y1

    ans = 0
    added = 0
    i = 0
    while i < N:
        j = i
        while j < N and lines[j][0] == lines[i][0]:
            j += 1
        # queries for current group
        for k in range(i, j):
            y2 = lines[k][1]
            idx = comp[y2]
            cnt = added - bit.prefix(idx - 1)  # previous with y2 >= current y2
            ans += cnt
        # intra-group pairs (intersection at X1)
        sz = j - i
        ans += sz * (sz - 1) // 2
        # add current group to BIT
        for k in range(i, j):
            y2 = lines[k][1]
            idx = comp[y2]
            bit.add(idx, 1)
            added += 1
        i = j

    print(ans)

if __name__ == ""__main__"":
    solve()",False,35,43,"[""Case 2: expected: '78' got: '' retcode: 124 stderr: Execution timed out."", ""Case 4: expected: '1109228551' got: '' retcode: 124 stderr: Execution timed out."", ""Case 11: expected: '53628' got: '' retcode: 124 stderr: Execution timed out."", ""Case 12: expected: '0' got: '' retcode: 124 stderr: Execution timed out."", ""Case 13: expected: '1' got: '' retcode: 124 stderr: Execution timed out."", ""Case 14: expected: '3992296' got: '' retcode: 124 stderr: Execution timed out."", ""Case 16: expected: '416644249' got: '' retcode: 124 stderr: Execution timed out."", ""Case 28: expected: '52174' got: '' retcode: 124 stderr: Execution timed out.""]"
2024f3p2_burocracia,openai/gpt-oss-120b,N/A (Zero-shot),N/A (Zero-shot),"import sys

def main():
    sys.setrecursionlimit(1 << 25)
    data = sys.stdin.read().strip().split()
    if not data:
        return
    it = iter(data)
    N = int(next(it))
    parent = [0] * (N + 1)
    parent[1] = 0
    for i in range(2, N + 1):
        parent[i] = int(next(it))
    children = [[] for _ in range(N + 1)]
    for i in range(2, N + 1):
        children[parent[i]].append(i)

    LOG = 17
    while (1 << LOG) <= N:
        LOG += 1
    up = [[0] * (N + 1) for _ in range(LOG)]

    def build():
        for v in range(1, N + 1):
            up[0][v] = parent[v]
        for j in range(1, LOG):
            for v in range(1, N + 1):
                up[j][v] = up[j - 1][up[j - 1][v]]

    build()

    Q = int(next(it))
    out = []
    for _ in range(Q):
        typ = int(next(it))
        if typ == 1:
            v = int(next(it))
            k = int(next(it))
            cur = v
            for j in range(LOG - 1, -1, -1):
                if k >= (1 << j):
                    cur = up[j][cur]
                    k -= (1 << j)
            out.append(str(cur))
        else:
            v = int(next(it))
            stack = children[v][:]
            children[v] = []
            while stack:
                u = stack.pop()
                parent[u] = v
                children[v].append(u)
                for w in children[u]:
                    stack.append(w)
                children[u] = []
            # rebuild binary lifting for affected nodes
            # simple full rebuild (acceptable for given constraints)
            build()
    sys.stdout.write(""\n"".join(out))

if __name__ == ""__main__"":
    main()",False,16,53,"[""1\\n1\\n1\\n1\\n1\\n1\\n1\\n1\\n1\\n1\\n1\\n1\\n1\\n1\\n1\\n1\\n1' got: '' retcode: 124 stderr: Execution timed out."", ""\\n214\\n214\\n214\\n214\\n214\\n214\\n11\\n214\\n214\\n214' got: '' retcode: 124 stderr: Execution timed out."", ""\\n12864\\n12864\\n12843\\n12934\\n12841\\n12838\\n12837' got: '' retcode: 124 stderr: Execution timed out."", ""4\\n14\\n14\\n14\\n14\\n14\\n14\\n14\\n14\\n14\\n14\\n14\\n14' got: '' retcode: 124 stderr: Execution timed out."", ""3\\n2261\\n2256\\n2256\\n2255\\n2250\\n2247\\n2244\\n2237' got: '' retcode: 124 stderr: Execution timed out."", ""9\\n1209\\n1209\\n1209\\n1209\\n1209\\n1209\\n1209\\n1209' got: '' retcode: 124 stderr: Execution timed out."", ""1\\n1\\n1\\n1\\n1\\n1\\n1\\n1\\n1\\n1\\n1\\n1\\n1\\n1\\n1\\n1\\n1' got: '' retcode: 124 stderr: Execution timed out."", ""322\\n10395\\n40682\\n15051\\n7512\\n9507\\n9704\\n31765' got: '' retcode: 124 stderr: Execution timed out."", ""\\n50893\\n52800\\n49731\\n56674\\n52400\\n22131\\n56674' got: '' retcode: 124 stderr: Execution timed out."", ""8\\n8\\n8\\n8\\n8\\n8\\n8\\n8\\n8\\n8\\n8\\n8\\n8\\n8\\n8\\n8\\n8' got: '' retcode: 124 stderr: Execution timed out."", ""0\\n50\\n50\\n50\\n50\\n50\\n50\\n50\\n50\\n50\\n50\\n50\\n50' got: '' retcode: 124 stderr: Execution timed out."", ""1\\n1\\n1\\n30283\\n61099\\n61099\\n1\\n1\\n1\\n1\\n1\\n1\\n1' got: '' retcode: 124 stderr: Execution timed out."", ""8\\n2618\\n2618\\n2618\\n2618\\n2618\\n2618\\n4942\\n5162' got: '' retcode: 124 stderr: Execution timed out."", ""9\\n9\\n9\\n9\\n9\\n9\\n9\\n9\\n9\\n9\\n9\\n9\\n9\\n9\\n9\\n9\\n9' got: '' retcode: 124 stderr: Execution timed out."", ""1\\n1\\n1\\n1\\n1\\n1\\n1\\n1\\n1\\n1\\n1\\n1\\n1\\n1\\n1\\n1\\n1' got: '' retcode: 124 stderr: Execution timed out."", ""1\\n2\\n1\\n1\\n2\\n2\\n2\\n2\\n2\\n1\\n1\\n2\\n2\\n1\\n1\\n2\\n2' got: '' retcode: 124 stderr: Execution timed out."", ""42\\n15\\n66\\n73\\n152\\n106\\n1\\n106\\n136\\n106\\n99\\n7' got: '' retcode: 124 stderr: Execution timed out."", ""1\\n2\\n2\\n1\\n2\\n1\\n1\\n2\\n1\\n1\\n1\\n2\\n1\\n1\\n1\\n2\\n1' got: '' retcode: 124 stderr: Execution timed out."", ""n247\\n193\\n236\\n197\\n1649\\n259\\n29\\n3\\n3657\\n4393' got: '' retcode: 124 stderr: Execution timed out."", ""3\\n2\\n1\\n3\\n3\\n1\\n3\\n3\\n1\\n3\\n2\\n1\\n2\\n2\\n3\\n2\\n1' got: '' retcode: 124 stderr: Execution timed out."", ""7909\\n13142\\n1664\\n11351\\n31906\\n2874\\n563\\n35372' got: '' retcode: 124 stderr: Execution timed out."", ""2\\n1\\n2\\n1\\n2\\n1\\n1\\n2\\n1\\n2\\n2\\n2\\n1\\n2\\n2\\n1\\n2' got: '' retcode: 124 stderr: Execution timed out."", ""1\\n1\\n1\\n1\\n1\\n1\\n1\\n1\\n1\\n1\\n1\\n1\\n1\\n1\\n1\\n1\\n1' got: '' retcode: 124 stderr: Execution timed out."", ""1\\n2\\n2\\n2\\n1\\n1\\n1\\n1\\n1\\n2\\n2\\n2\\n2\\n1\\n1\\n1\\n2' got: '' retcode: 124 stderr: Execution timed out."", ""3\\n1\\n1\\n2\\n2\\n3\\n1\\n1\\n1\\n1\\n3\\n1\\n1\\n3\\n2\\n2\\n1' got: '' retcode: 124 stderr: Execution timed out."", ""\\n21\\n28\\n74\\n958\\n906\\n1\\n20\\n81\\n5\\n352\\n81\\n89' got: '' retcode: 124 stderr: Execution timed out."", ""\\n78\\n17\\n93\\n17\\n212\\n93\\n534\\n62\\n212\\n212\\n511' got: '' retcode: 124 stderr: Execution timed out."", ""1\\n2\\n2\\n2\\n1\\n1\\n2\\n1\\n2\\n1\\n1\\n2\\n2\\n1\\n2\\n2\\n2' got: '' retcode: 124 stderr: Execution timed out."", ""15793\\n3898\\n30249\\n70\\n19922\\n34341\\n14825\\n7658' got: '' retcode: 124 stderr: Execution timed out."", ""37\\n30\\n35\\n35\\n104\\n1\\n1\\n30\\n3\\n145\\n3\\n104\\n32' got: '' retcode: 124 stderr: Execution timed out."", ""n58\\n3\\n2\\n266\\n986\\n69\\n1\\n3608\\n3\\n1\\n7\\n8\\n411' got: '' retcode: 124 stderr: Execution timed out."", ""\\n10496\\n28138\\n379\\n30\\n1204\\n375\\n3\\n6538\\n3031' got: '' retcode: 124 stderr: Execution timed out."", ""7\\n8\\n3\\n1\\n1\\n1524\\n7\\n4\\n3\\n10\\n1270\\n19\\n22\\n2' got: '' retcode: 124 stderr: Execution timed out."", ""n1\\n1\\n3\\n5\\n3\\n2\\n1\\n3\\n1\\n1\\n2\\n26\\n4\\n1\\n12\\n7' got: '' retcode: 124 stderr: Execution timed out."", ""n133\\n90\\n10\\n4\\n130\\n116\\n152\\n152\\n137\\n77\\n157' got: '' retcode: 124 stderr: Execution timed out."", ""n2\\n3\\n6\\n1\\n4\\n3\\n4\\n3\\n6\\n2\\n1\\n2\\n10\\n1\\n8\\n10' got: '' retcode: 124 stderr: Execution timed out."", ""n35\\n5362\\n3617\\n29473\\n19661\\n3089\\n21480\\n13743' got: '' retcode: 124 stderr: Execution timed out.""]"
2024f3p2_pratos,openai/gpt-oss-120b,N/A (Zero-shot),N/A (Zero-shot),"import sys

MOD = 10**9 + 7

def modinv(a):
    return pow(a, MOD - 2, MOD)

def solve():
    data = list(map(int, sys.stdin.read().strip().split()))
    if not data:
        return
    it = iter(data)
    N = next(it); M = next(it); K = next(it)
    a_spells = [next(it) for _ in range(N)]
    b_spells = [next(it) for _ in range(N)]
    a_meals = [next(it) for _ in range(M)]
    b_meals = [next(it) for _ in range(M)]
    Q = next(it)
    xs = [next(it) for _ in range(Q)]

    # best spell (max a, tie max b)
    max_a = -1
    max_b_for_max_a = 0
    for a, b in zip(a_spells, b_spells):
        if a > max_a or (a == max_a and b > max_b_for_max_a):
            max_a = a
            max_b_for_max_a = b

    # compute spell contribution
    if max_a == 1:
        pow_aK = 1
        B_spells = (K % MOD) * (max_b_for_max_a % MOD) % MOD
    else:
        pow_aK = pow(max_a % MOD, K, MOD)
        numerator = (pow_aK - 1) % MOD
        inv = modinv((max_a - 1) % MOD)
        B_spells = max_b_for_max_a % MOD * numerator % MOD * inv % MOD

    # meals: sort by a ascending to maximize B
    meals = sorted(zip(a_meals, b_meals), key=lambda x: x[0])
    suffix_prod = [1] * (M + 1)
    for i in range(M - 1, -1, -1):
        suffix_prod[i] = suffix_prod[i + 1] * (meals[i][0] % MOD) % MOD

    A_meals = suffix_prod[0]  # product of all a'
    B_meals = 0
    for i, (a, b) in enumerate(meals):
        B_meals = (B_meals + (b % MOD) * suffix_prod[i + 1]) % MOD

    out_lines = []
    for x in xs:
        val = (pow_aK * (x % MOD) + B_spells) % MOD
        val = (val * A_meals + B_meals) % MOD
        out_lines.append(str(val))
    sys.stdout.write(""\n"".join(out_lines))

if __name__ == ""__main__"":
    solve()",False,23,73,"[""3178\\n42401427\\n306285682\\n148042873\\n36347500\\n682399542\\n268069743\\n500247500' retcode: 0 stderr: "", ""85\\n614160619\\n803467619\\n736270491\\n229849082\\n363946787\\n833200930\\n735740692' retcode: 0 stderr: "", ""06\\n488806701\\n496486296\\n504165891\\n511845486\\n519525081\\n527204676\\n534884271' retcode: 0 stderr: "", ""81\\n512115271\\n967486614\\n167369625\\n522525525\\n291893001\\n251969687\\n588681796' retcode: 0 stderr: "", ""473\\n422314156\\n252811900\\n725221121\\n435578615\\n263297445\\n91723154\\n802143340' retcode: 0 stderr: "", ""33094\\n115789668\\n59146242\\n2502816\\n945859397\\n889215971\\n832572545\\n775929119' retcode: 0 stderr: "", ""877\\n134196846\\n210467865\\n118686970\\n760405254\\n752392111\\n12843807\\n902443230' retcode: 0 stderr: "", ""86\\n422825142\\n420943986\\n522197663\\n698498581\\n654573947\\n268839328\\n217233886' retcode: 0 stderr: "", ""5009\\n45408243\\n32844966\\n108791426\\n222471967\\n402148431\\n288467890\\n520531904' retcode: 0 stderr: "", ""745\\n857469033\\n582492314\\n307515595\\n32538876\\n757562164\\n482585445\\n207608726' retcode: 0 stderr: "", ""1369849\\n592697849' got: '707385725\\n678713725\\n650041725\\n621369725\\n592697725' retcode: 0 stderr: "", ""42\\n131751159\\n731058780\\n172318111\\n947381737\\n819917569\\n308626617\\n551011835' retcode: 0 stderr: "", ""81473\\n984481614\\n965681748\\n946881882\\n928082016' got: '' retcode: 124 stderr: Execution timed out."", ""78731\\n280842010\\n485416722\\n499430850\\n980501499' got: '' retcode: 124 stderr: Execution timed out."", ""07010\\n526088602\\n503555949\\n795044448\\n453423761' got: '' retcode: 124 stderr: Execution timed out."", ""96\\n311728863\\n575402830\\n839076797\\n102750757\\n366424724\\n630098691\\n893772658' retcode: 0 stderr: "", ""6661153\\n815321561\\n568465089\\n94421075\\n84190505' got: '' retcode: 124 stderr: Execution timed out."", ""35996\\n973596666\\n638957329\\n304317992\\n969678662' got: '' retcode: 124 stderr: Execution timed out."", ""99256\\n442250924\\n529020246\\n936079007\\n390805714' got: '' retcode: 124 stderr: Execution timed out."", ""5923040\\n800253090\\n264403850\\n179064791\\n8719460' got: '' retcode: 124 stderr: Execution timed out."", ""9190\\n85551552\\n392902093\\n300101230\\n286814725\\n98337087\\n523623635\\n176031206' retcode: 0 stderr: "", ""38746\\n355333703\\n180831740\\n873213690\\n907322961' got: '' retcode: 124 stderr: Execution timed out."", ""13717\\n970043551\\n640873378\\n311703205\\n982533039' got: '' retcode: 124 stderr: Execution timed out."", ""50\\n690673420\\n814247874\\n525941403\\n452240205\\n966703507\\n403352954\\n864050759' retcode: 0 stderr: "", ""4785\\n660336568\\n33924953\\n439381902\\n417167472\\n453873586\\n213134999\\n93829863' retcode: 0 stderr: "", ""8429\\n556536607\\n690390661\\n497818846\\n4852524\\n373526079\\n250034216\\n312205380' retcode: 0 stderr: "", ""58\\n821586248\\n317297891\\n364616754\\n411516113\\n943937682\\n638112792\\n715966626' retcode: 0 stderr: "", ""80\\n390183078\\n367345976\\n344508874\\n321671772\\n298834670\\n275997568\\n253160466' retcode: 0 stderr: "", ""17\\n367648943\\n379844113\\n591901422\\n900133030\\n350270020\\n283935526\\n274368178' retcode: 0 stderr: "", ""4858\\n666419806\\n362300927\\n533707383\\n1548753\\n122731556\\n181588411\\n962749321' retcode: 0 stderr: "", ""443\\n928507310\\n711341170\\n494175030\\n277008890\\n59842750\\n842676617\\n625510477' retcode: 0 stderr: "", ""86\\n149641404\\n346574926\\n553287096\\n582796947\\n150859771\\n213186760\\n312333802' retcode: 0 stderr: "", ""20\\n694648247\\n297778337\\n996154367\\n354420671\\n203140643\\n147808015\\n807131278' retcode: 0 stderr: "", ""14\\n252136062\\n404220226\\n426215818\\n138404855\\n463963772\\n420518762\\n464874062' retcode: 0 stderr: "", ""4873\\n179230157\\n95985441\\n12740725\\n929496016\\n846251300\\n763006584\\n679761868' retcode: 0 stderr: "", ""19\\n367702577\\n828802980\\n477530321\\n372476988\\n190593893\\n379413593\\n833179806' retcode: 0 stderr: "", ""9726\\n170404979\\n449540239\\n728675499\\n7810752\\n286946012\\n566081272\\n845216532' retcode: 0 stderr: "", ""84\\n110139069\\n588901749\\n629466403\\n631793605\\n207902645\\n884863533\\n500216370' retcode: 0 stderr: "", ""9179\\n761078043\\n83576900\\n406075764\\n728574628\\n51073485\\n373572349\\n696071213' retcode: 0 stderr: "", ""Case 52: expected: '199979798' got: '197979798' retcode: 0 stderr: "", ""Case 53: expected: '653100287' got: '345919367' retcode: 0 stderr: "", ""Case 55: expected: '199528596' got: '185958596' retcode: 0 stderr: "", ""Case 56: expected: '130100617' got: '111593089' retcode: 0 stderr: "", ""Case 58: expected: '199845921' got: '159205921' retcode: 0 stderr: "", ""Case 59: expected: '198939394' got: '193939394' retcode: 0 stderr: "", ""Case 62: expected: '130100617' got: '111593089' retcode: 0 stderr: "", ""1369849\\n592697849' got: '707385725\\n678713725\\n650041725\\n621369725\\n592697725' retcode: 0 stderr: "", ""55\\n13748055\\n38978455\\n8403655\\n32333655\\n17327255\\n34506855\\n3459655\\n2191655' retcode: 0 stderr: "", ""56\\n925196485\\n162364466\\n790538278\\n257850312\\n409616014\\n287377621\\n594776476' retcode: 0 stderr: "", ""00258\\n33335218\\n113749363\\n46955503\\n115334758\\n159366403\\n64529353\\n111901573' retcode: 0 stderr: ""]"
